ID,Name,Phone,Email,Address
P1,Nguyễn Văn A,0123456789,nguyenvana@email.com,Số 1 Đường ABC Hà Nội
P2,Trần Thị B,0987654321,tranthib@email.com,Số 2 Đường DEF TP.HCM
P3,Lê Văn C,0111111111,levanc@email.com,Số 3 Đường GHI Đà Nẵng
P4,Phạm Thị D,0222222222,phamthid@email.com,Số 4 Đường JKL Cần Thơ
P5,Hoàng Văn E,0333333333,hoangvane@email.com,Số 5 Đường MNO Hải Phòng
P6,Đỗ Thị F,0444444444,dothif@email.com,Số 6 Đường PQR Nha Trang
P7,Bùi Văn G,0555555555,buivang@email.com,Số 7 Đường STU Vũng Tàu
P8,Vũ Thị H,0666666666,vuthih@email.com,Số 8 Đường VWX Quy Nhơn
P9,Đinh Văn I,0777777777,dinhvani@email.com,Số 9 Đường YZ Phan Thiết
P10,Ngô Thị K,0888888888,ngothik@email.com,Số 10 Đường 123 Buôn Ma Thuột
P11,Mai Văn L,0999999999,maivanl@email.com,Số 11 Đường 456 Pleiku
P12,Trương Thị M,0000000000,truongthim@email.com,Số 12 Đường 789 Kon Tum
P13,Lý Văn N,0123456780,lyvann@email.com,Số 13 Đường ABC Gia Lai
P14,Tô Thị O,0987654320,tothio@email.com,Số 14 Đường DEF Đắk Lắk
P15,Đặng Văn P,0111111110,dangvanp@email.com,Số 15 Đường GHI Đắk Nông
